{
  "version": "2022.1",
  "applications": [],
  "platforms": [],
  "systems": [
    {
      "name": "hpwl_system",
      "platform": "/proj/xbuilds/SWIP/2022.1_0420_0327/installs/lin64/Vitis/2022.1/base_platforms/xilinx_vck190_base_202210_1/xilinx_vck190_base_202210_1.xpfm",
      "sysConfig": "xilinx_vck190_base_202210_1",
      "buildConfig": "Emulation-HW",
      "applications": [
        {
          "name": "hpwl_system_hw_link",
          "platform": "/proj/xbuilds/SWIP/2022.1_0420_0327/installs/lin64/Vitis/2022.1/base_platforms/xilinx_vck190_base_202210_1/xilinx_vck190_base_202210_1.xpfm",
          "platformPath": "/proj/xbuilds/SWIP/2022.1_0420_0327/installs/lin64/Vitis/2022.1/base_platforms/xilinx_vck190_base_202210_1",
          "sysConfig": "Linux on x86",
          "domain": "pl",
          "system": "hpwl_system"
        },
        {
          "name": "hpwl",
          "platform": "/proj/xbuilds/SWIP/2022.1_0420_0327/installs/lin64/Vitis/2022.1/base_platforms/xilinx_vck190_base_202210_1/xilinx_vck190_base_202210_1.xpfm",
          "platformPath": "/proj/xbuilds/SWIP/2022.1_0420_0327/installs/lin64/Vitis/2022.1/base_platforms/xilinx_vck190_base_202210_1",
          "sysConfig": "xilinx_vck190_base_202210_1",
          "domain": "aiengine",
          "system": "hpwl_system"
        }
      ],
      "platformPath": "/proj/xbuilds/SWIP/2022.1_0420_0327/installs/lin64/Vitis/2022.1/base_platforms/xilinx_vck190_base_202210_1"
    }
  ],
  "others": []
}